snps,genes
b'12:91194805:T:C_T',b'ATP2B1 CCER1'
b'12:91194966:T:C_T',b'ATP2B1 CCER1'
b'rs10459132_T',b'[]'
b'12:106251024:T:A_A',b'APPL2 NUAK1'
b'12:48321699:A:G_G',b'VDR HDAC7 TMEM106C'
b'12:127933561:C:CT_C',b'TMEM132B TMEM132C'
b'12:48338746:C:T_T',b'VDR TMEM106C'
b'12:48322271:C:G_G',b'VDR HDAC7 TMEM106C'
b'12:118034656:G:T_G',b'KSR2 NOS1 RFC5'
b'12:65004387:C:T_T',b'RASSF3'
b'12:43261051:C:G_G',b'PRICKLE1 ADAMTS20'
b'12:77395400:A:G_G',b'CSRP2 E2F7'
b'12:128734516:A:G_A',b'TMEM132B TMEM132C'
b'12:48356881:C:T_C',b'VDR TMEM106C'
b'12:43920033:T:C_C',b'ADAMTS20 PRICKLE1 PUS7L'
